,Predections
0,5.509998963
1,5.180821237
2,4.363288138
3,3.989941577
4,3.064399516
5,2.804824673
6,1.198719725
7,3.721943562
8,4.490506475
9,5.757548925
10,6.558582279
11,6.338540085
12,5.334452843
13,4.847773408
14,5.526331238
15,5.837246812
16,5.672483188
17,5.425319062
18,5.719596432
19,6.08344855
20,6.805165008
21,6.542158554
22,5.749168808
23,5.636932001
24,5.272217668
25,5.164026517
26,4.732511155
27,3.827928748
28,3.665593485
29,2.878572672
30,2.673730991
31,2.664078963
32,4.145069247
33,5.888547382
34,6.608494876
35,6.482322526
36,5.387847747
37,5.129054987
38,5.700680242
39,5.825868638
40,5.890132413
41,5.695756631
42,5.852453088
43,6.293470652
44,6.560929457
45,6.124820688
46,5.716884914
47,5.399915432
48,5.152828471
49,5.214865631
50,4.891561603
51,4.785725585
52,4.466407118
53,4.117369639
54,3.348263732
55,2.550503687
56,2.707006391
57,4.67034608
58,5.199740121
59,5.679247819
60,5.838185363
61,6.185242154
62,6.341497282
63,6.324590424
64,6.408305185
65,6.408331411
66,6.298978183
67,6.259830825
68,6.244975553
69,6.23345528
70,5.722703904
71,5.371576665
72,5.316832602
73,5.675385315
74,5.28334253
75,4.069284892
76,3.288824094
77,2.768686783
78,1.49841279
79,2.492370468
80,4.941921536
81,5.772850845
82,6.315191112
83,6.482297102
84,5.152118134
85,4.876590658
86,5.317840922
87,5.706176217
88,5.57589716
89,5.253997758
90,5.38329066
91,5.151665735
92,5.062773088
93,4.218158932
94,3.314662173
95,3.623003742
96,4.691709574
97,2.939166411
98,4.621774504
99,4.7594481
100,4.296707446
101,3.628559643
102,3.281442984
103,2.643967977
104,2.822291223
105,4.323011891
106,5.134636966
107,5.783620113
108,5.982349676
109,6.166918632
110,6.117429047
111,6.289000303
112,6.263125206
113,6.157164696
114,6.264987749
115,6.15780604
116,6.052252927
117,5.933507436
118,6.070244716
119,5.641239384
120,5.391148202
121,5.083893938
122,5.217028895
123,4.877649332
124,4.531227185
125,4.304740305
126,3.705544034
127,2.328654074
128,2.617946906
129,3.732782922
130,4.210763665
131,5.742048138
132,6.213832775
133,6.113430833
134,6.189322038
135,6.446868152
136,6.323619102
137,6.278143269
138,6.219131659
139,6.268645012
140,6.10863126
141,5.939027845
142,5.858590975
143,5.42030613
144,5.214915146
145,5.203249014
146,4.366294474
147,3.522130771
148,2.45152038
149,2.679620935
150,1.996999219
151,2.788738351
152,4.584485794
153,5.810653009
154,6.799176272
155,6.511615435
156,5.181158095
157,4.888495947
158,5.451915336
159,5.664085532
160,5.517381801
161,5.520149334
162,5.623774138
163,6.104557102
164,6.716083095
165,6.424884779
166,5.987999286
167,5.596247699
168,5.041434998
169,4.745706755
170,4.056084682
171,3.175558815
172,2.867014444
173,2.035314638
174,1.829178633
175,2.121870555
176,4.64799713
177,6.08283293
178,6.612029652
179,6.302466935
180,5.158426999
181,4.617652058
182,5.230360355
183,5.488607048
184,5.490184225
185,5.491773022
186,5.465422565
187,6.125978599
188,6.67915625
189,6.288922088
190,5.643823189
191,5.473245468
192,5.194468576
193,4.846847254
194,4.354748326
195,3.53569571
196,3.13919645
197,2.292961148
198,2.276353329
199,2.849977065
200,4.451648202
201,5.890542735
202,6.651643969
203,6.32809414
204,5.196007155
205,4.925520969
206,5.34354432
207,5.777734035
208,5.650265297
209,5.591211101
210,5.578281158
211,6.044869441
212,6.367580666
213,6.1896205
214,5.608771508
215,5.364889456
216,5.102332075
217,5.023423288
218,4.295755655
219,3.644568329
220,2.803266157
221,2.475603264
222,1.702561842
223,2.327191879
224,4.484102971
225,5.963078828
226,6.571165396
227,6.346193869
228,5.244498691
229,4.951190642
230,5.42442349
231,5.925794406
232,5.746577982
233,5.537801531
234,5.835680222
235,6.209831578
236,6.800887906
237,6.483079954
238,5.972596463
239,5.733196089
240,5.307999272
241,5.027063108
242,4.876551768
243,4.0114212
244,3.120201994
245,3.010707878
246,2.252113577
247,2.782426958
248,4.204625798
249,5.727691164
250,6.542155038
251,6.579820264
252,5.559188806
253,5.174238809
254,5.513713161
255,6.010856872
256,6.096090803
257,5.875066833
258,5.956062567
259,6.290877762
260,6.710607429
261,6.399083655
262,5.997972567
263,5.679526688
264,5.55831508
265,5.378673194
266,5.136370794
267,5.19862339
268,4.665873063
269,4.378661502
270,3.611325613
271,1.95295257
272,3.51836177
273,5.340273292
274,4.923799774
275,5.888079606
276,6.066876079
277,6.275813611
278,6.426052176
279,6.266557779
280,6.366605977
281,6.401608701
282,6.263121389
283,6.250520943
284,6.165258037
285,6.041474205
286,5.748667223
287,5.798324146
288,5.556880522
289,5.09458004
290,5.261383109
291,4.832558382
292,4.569314815
293,4.155548528
294,3.197044108
295,2.307396243
296,3.079475551
297,4.17972859
298,4.826573324
299,5.86739456
300,6.026036181
301,6.212558196
302,6.364134792
303,6.259283966
304,6.187001916
305,6.210679775
306,6.12161557
307,6.172308186
308,6.207848056
309,6.159305405
310,5.705834116
311,5.653050902
312,5.250646528
313,4.849481256
314,4.533778268
315,3.467432376
316,3.17007073
317,3.063396504
318,2.016177301
319,2.555697678
320,4.674356149
321,5.85516099
322,6.686768711
323,6.459559861
324,5.306295078
325,4.65231645
326,5.445738449
327,5.826078868
328,5.681164783
329,5.630719849
330,5.644886744
331,6.235473836
332,6.841344377
333,6.556357372
334,6.005067744
335,5.529592326
336,5.164108365
337,4.847848921
338,4.193612682
339,3.166628721
340,2.926910086
341,2.077110986
342,3.065108769
343,1.752091848
344,4.374264127
345,5.834056995
346,6.059748994
347,6.391335312
348,5.037827146
349,4.166392718
350,3.761094414
351,4.559038928
352,3.968074662
353,4.062165944
354,5.02511146
355,5.706794658
356,6.661545693
357,6.180012991
358,5.642409947
359,5.44079492
360,5.084873658
361,4.823604584
362,4.040130886
363,3.212878118
364,3.371362894
365,1.283268056
366,2.669590219
367,3.131843163
368,4.594593067
369,6.061439453
370,6.578403094
371,6.452038343
372,5.339794241
373,4.843916958
374,5.465484978
375,5.899840195
376,5.503571518
377,5.795980185
378,5.640272832
379,6.020976132
380,6.892570324
381,6.414867609
382,6.147896512
383,5.647767793
384,5.586235114
385,5.090002723
386,4.693292033
387,3.512796928
388,2.976085051
389,2.417648211
390,2.078349852
391,2.62638153
392,4.914141881
393,6.183541287
394,6.606477292
395,6.477379056
396,5.338018133
397,4.687920532
398,5.304373854
399,5.575019871
400,5.600383097
401,5.672559377
402,5.714187159
403,6.056526541
404,6.820615817
405,6.447314082
406,5.791827373
407,5.538057592
408,5.396431411
409,5.090227141
410,4.770489611
411,4.165169744
412,3.625451582
413,2.446669302
414,1.587753231
415,3.325618174
416,4.31029071
417,5.711183921
418,6.476761209
419,6.424556659
420,5.46276834
421,4.956993511
422,5.611983126
423,6.0638177
424,5.915436488
425,5.801414561
426,5.830785285
427,6.326854779
428,6.657048874
429,6.234763631
430,5.704886687
431,5.570861045
432,5.496588889
433,5.512662629
434,5.083442793
435,4.595544451
436,4.394271706
437,4.122339655
438,3.147381846
439,2.008726032
440,3.789001907
441,4.595981175
442,4.851605096
443,5.759121204
444,6.193127856
445,6.099158359
446,6.260622882
447,6.298298478
448,6.242669386
449,6.162293538
450,6.187666859
451,6.110169599
452,6.234576852
453,6.138259533
454,5.815560491
455,5.526929644
456,5.363663095
457,5.410238223
458,4.898782847
459,4.750220475
460,4.287895838
461,4.210993744
462,3.196889718
463,2.950916376
464,3.160271628
465,3.625795178
466,4.489995195
467,5.31587211
468,5.956125449
469,6.171442283
470,6.148087904
471,6.17300442
472,6.0937538
473,6.038151348
474,5.760959826
475,6.072826851
476,6.100827773
477,5.876418113
478,5.547156596
479,5.344793108
480,5.191962154
481,4.693690174
482,4.365026505
483,3.328325012
484,2.412343072
485,2.33908407
486,1.741944056
487,2.896043702
488,3.935506871
489,4.059426289
490,5.530659506
491,6.48035858
492,5.011538314
493,3.824805297
494,4.551213067
495,5.1901808
496,5.416203888
497,5.252023907
498,5.278159421
499,5.665762632
500,6.526336102
501,6.084992945
502,5.571767434
503,5.390288175
504,5.18454966
505,4.576326791
506,3.901767387
507,3.324294078
508,2.589731472
509,3.072771615
510,2.481937357
511,2.908607384
512,4.539758019
513,5.898023379
514,6.54356533
515,6.39966796
516,5.228929837
517,4.676718519
518,5.332218932
519,5.737576946
520,5.556437032
521,5.325504396
522,5.583552575
523,5.887891848
524,6.855014737
525,6.518648419
526,5.843808265
527,5.761598785
528,5.159632453
529,5.385219356
530,4.475221607
531,4.871462665
532,4.389454584
533,4.399780285
534,3.304254754
535,1.039581073
536,2.935021321
537,4.368312695
538,4.724467503
539,5.672534911
540,5.87307719
541,6.203343224
542,6.038895802
543,6.131190717
544,6.050697747
545,6.062051387
546,5.786648771
547,5.760035195
548,6.105712479
549,5.849103726
550,5.862676342
551,5.707548007
552,5.401391426
553,4.712498088
554,4.544329452
555,3.611881729
556,2.834390816
557,3.094035235
558,1.995635328
559,3.385411471
560,4.739418216
561,5.769355503
562,6.494736667
563,6.428453782
564,5.364403436
565,4.94550626
566,5.375284788
567,5.743792334
568,5.545451894
569,5.462200547
570,5.506834527
571,6.05809996
572,6.790707739
573,6.373997268
574,5.964854544
575,5.542611716
576,5.138268882
577,4.952524794
578,4.35945907
579,3.787639763
580,2.493396357
581,2.53623833
582,0.945530111
583,2.807730911
584,4.919892789
585,6.060699344
586,6.655646581
587,6.509338047
588,5.21148237
589,5.152960143
590,5.48704321
591,5.83131603
592,5.809250721
593,5.883312997
594,6.15886873
595,6.334145888
596,6.585309778
597,6.230265267
598,5.686762612
599,5.405209392
600,4.672410209
601,4.748476884
602,4.889719963
603,4.854821079
604,4.515182017
605,4.32394542
606,3.195711613
607,2.69572771
608,3.303685607
609,4.054682734
610,4.885325656
611,5.557395018
612,6.031453344
613,6.227737719
614,6.139449781
615,6.11871372
616,6.100516189
617,6.231323457
618,5.980728588
619,5.828607149
620,5.9329084
621,5.933010209
622,5.915802713
623,6.153372706
624,6.123567521
625,5.916622056
626,4.65966858
627,4.089746145
628,3.201308414
629,2.998465247
630,2.202146807
631,2.545030641
632,4.453712987
633,5.937859671
634,6.436111504
635,6.475920873
636,5.444351833
637,5.056326959
638,5.631364008
639,5.821566614
640,5.873130895
641,5.515018412
642,5.624223351
643,6.289871993
644,6.669229886
645,6.265834221
646,5.956283053
647,5.433560286
648,5.52939578
649,5.18334308
650,4.583537805
651,4.535716843
652,3.154636281
653,2.871753042
654,2.206499893
655,2.371616473
656,4.703404801
657,5.957323378
658,6.473654489
659,6.585657318
660,5.529185935
661,5.138680558
662,5.548957603
663,6.037035748
664,5.755636944
665,5.670795019
666,5.755198551
667,6.067508408
668,6.486881224
669,6.252313244
670,5.785151879
671,5.514457329
672,5.464963531
673,5.454283551
674,4.805105141
675,4.824940482
676,4.055579607
677,4.009464905
678,3.462468713
679,2.882175432
680,3.02816507
681,4.221008547
682,5.071747332
683,5.634808081
684,6.057951851
685,6.063363876
686,6.089877698
687,5.940601937
688,6.00192876
689,5.816938914
690,5.909747785
691,5.826631335
692,5.74449226
693,5.722004262
694,5.740665456
695,5.667395829
696,5.15537196
697,5.37215379
698,4.916929925
699,4.999950246
700,4.894515344
701,4.207623898
702,3.51812198
703,2.653174426
704,2.100069566
705,4.046537855
706,5.036807616
707,5.669058648
708,6.04096072
709,6.051277259
710,6.089956027
711,5.97612108
712,5.84207848
713,5.656075971
714,5.509896167
715,5.506883541
716,5.419179096
717,5.366550557
718,5.330691619
719,5.50388943
720,5.001738311
721,4.316998852
722,4.567861492
723,3.228738271
724,2.616413806
725,1.521460113
726,1.990757325
727,1.256613516
728,4.543131385
729,5.469672656
730,5.800945159
731,6.13087771
732,5.490983238
733,4.69284098
734,5.226743758
735,5.594595987
736,5.426908827
737,5.397902023
738,5.620195922
739,6.056240005
740,6.729788745
741,6.436855353
742,5.915048555
743,5.585560228
744,5.352725989
745,4.985922444
746,4.471322385
747,3.909805469
748,2.363473837
749,2.946859172
750,1.225196344
751,1.981440883
752,5.104161489
753,6.23096858
754,6.582204833
755,6.324924282
756,5.290617362
757,4.875231203
758,5.508015828
759,5.681149958
760,5.638018307
761,5.406071741
762,5.540212861
763,6.092873819
764,6.519409272
765,6.154789449
766,5.121635759
767,3.382943442
768,4.14976823
769,4.940559196
770,4.493338083
771,3.409105915
772,2.330022681
773,1.579520215
774,2.08957504
775,2.696792705
776,4.722739821
777,6.036938203
778,6.492881554
779,6.328389945
780,5.258050157
781,4.826878639
782,5.391160041
783,5.763857298
784,5.573074541
785,5.394017726
786,5.617727019
787,6.114011968
788,6.770183786
789,6.393215974
790,5.944367034
791,5.643501031
792,5.514463053
793,5.058915512
794,4.631582103
795,3.640362365
796,2.815183169
797,2.215132965
798,2.750668976
799,2.040714531
800,4.834986333
801,6.04908843
802,6.572481584
803,6.451125801
804,5.302749619
805,4.973905176
806,5.310789575
807,5.787517539
808,5.621088669
809,5.241895526
810,5.641167517
811,6.135765351
812,6.654277519
813,6.408097908
814,5.955182253
815,5.762371883
816,5.47378843
817,5.408674867
818,5.010897163
819,4.18086511
820,3.860970605
821,2.676881776
822,2.333189619
823,3.01773702
824,4.48621472
825,5.71544741
826,6.442928695
827,6.666293239
828,5.656246492
829,5.191589869
830,5.527771451
831,5.968444822
832,5.862745905
833,5.804922439
834,5.758128656
835,6.170894163
836,6.642970722
837,6.03716236
838,5.715003552
839,5.524204417
840,5.380929872
841,5.342353526
842,5.181513484
843,5.10953335
844,4.590187221
845,4.556877793
846,3.434007278
847,1.942622928
848,1.809340025
849,4.582649142
850,4.524284362
851,5.479770043
852,5.938941203
853,5.962024372
854,5.886154003
855,5.981237429
856,6.182742502
857,6.191207708
858,5.829296006
859,5.760830708
860,5.613349616
861,5.327965415
862,5.689169368
863,5.438180596
864,5.136873272
865,5.01754964
866,5.002073162
867,4.926393997
868,4.843923529
869,4.443054963
870,3.727350538
871,2.662853492
872,2.235701517
873,3.307268901
874,4.676922699
875,5.548957012
876,5.724217845
877,6.151984323
878,6.140580174
879,6.128689751
880,6.105579025
881,6.00319752
882,6.06861161
883,5.94174828
884,5.550942367
885,5.226898036
886,5.366702236
887,5.361775729
888,5.069469507
889,4.487911977
890,4.172831186
891,3.567024323
892,2.194013214
893,3.048504073
894,2.135108137
895,3.142843476
896,4.857641072
897,5.638673331
898,6.593113191
899,6.471551633
900,5.407512575
901,4.835075665
902,5.128306793
903,5.574846792
904,5.584460943
905,5.345453043
906,5.266773068
907,5.844446778
908,6.690574325
909,6.388339513
910,5.91389364
911,5.591266042
912,5.351304361
913,5.249290944
914,4.64640899
915,3.535781765
916,3.037537926
917,1.962865873
918,1.46449032
919,2.874700181
920,4.909309433
921,6.357958118
922,6.754305843
923,6.483224261
924,5.38999385
925,4.733191561
926,5.470134342
927,5.808695649
928,5.560135404
929,5.491199623
930,5.693899496
931,6.198267246
932,6.856743662
933,6.550895721
934,5.984307266
935,5.66411821
936,5.470830182
937,5.179393474
938,4.766137931
939,3.610461493
940,2.544927925
941,2.263757671
942,1.824762137
943,2.638669394
944,5.105602807
945,6.01003574
946,6.653193533
947,6.538703918
948,5.375229547
949,4.621458265
950,5.375057209
951,5.603845407
952,5.504066927
953,5.198855053
954,5.168940108
955,5.321992352
956,5.928015691
957,6.423817579
958,5.874596408
959,5.432101385
960,5.42353853
961,5.406863698
962,4.463807853
963,3.87913687
964,3.02410729
965,1.901317501
966,2.040515117
967,2.964506348
968,4.832860966
969,5.951314658
970,6.643911595
971,6.476987491
972,5.276087933
973,4.89254383
974,5.334233306
975,5.698258476
976,5.556433566
977,5.193923457
978,5.750498927
979,5.982057158
980,6.767460524
981,6.493697006
982,5.847147584
983,5.491731528
984,5.078572828
985,3.304296079
986,3.89992052
987,3.80165105
988,3.457844477
989,2.502899209
990,2.125886426
991,1.810013316
992,5.07339648
993,6.080665394
994,6.419632545
995,6.32826182
996,5.302962548
997,5.019699354
998,5.326673902
999,5.625603406
1000,5.602264868
1001,5.492737311
1002,5.591574469
1003,6.180470234
1004,6.531150433
1005,6.387478988
1006,5.88543625
1007,5.635400771
1008,5.197591557
1009,5.212438157
1010,4.568990536
1011,3.669378183
1012,3.51610172
1013,2.19641703
1014,1.918819355
1015,2.80974806
1016,4.662737588
1017,6.012440342
1018,6.479390397
1019,6.529007018
1020,5.384210065
1021,4.772513342
1022,5.420789192
1023,5.78663619
1024,5.78802989
1025,5.167747607
1026,5.567018635
1027,6.042108742
1028,6.750518114
1029,6.29945781
1030,5.870631607
1031,5.519145013
1032,5.360018077
1033,5.153298924
1034,4.800530138
1035,3.830228301
1036,3.51745135
1037,2.491484872
1038,1.847823854
1039,3.13389413
1040,4.460579214
1041,5.867597603
1042,6.410076175
1043,6.460792009
1044,5.63681924
1045,5.182916776
1046,5.493250367
1047,5.884370921
1048,5.84266125
1049,5.748839241
1050,5.924030761
1051,6.131457348
1052,6.478618995
1053,6.159684226
1054,5.644928903
1055,5.520859189
1056,5.20653975
1057,4.894448755
1058,5.036373503
1059,4.831459617
1060,4.559103312
1061,4.227092527
1062,3.173339278
1063,2.487537375
1064,3.243028102
1065,4.653375663
1066,4.72474024
1067,5.687890718
1068,5.939239721
1069,6.129783954
1070,6.184445349
1071,6.258120153
1072,6.14685695
1073,5.985903642
1074,6.097678054
1075,6.001113702
1076,6.087712057
1077,5.988790855
1078,5.719993043
1079,5.440174487
1080,5.388497025
1081,5.37133933
1082,5.139891995
1083,4.760800133
1084,4.224655415
1085,4.207208911
1086,3.675914803
1087,2.58157133
1088,3.334783016
1089,3.504360975
1090,5.026291372
1091,5.297879547
1092,5.818805198
1093,6.107510924
1094,6.127121259
1095,6.156348662
1096,6.19091006
1097,6.179934606
1098,5.865710447
1099,5.827665525
1100,5.457996869
1101,4.906576413
1102,4.810868098
1103,5.062377713
1104,5.182703633
1105,4.832591303
1106,4.163963471
1107,3.204280331
1108,2.287192916
1109,1.753348963
1110,2.293588968
1111,3.338024043
1112,4.121057809
1113,5.787962626
1114,6.444259096
1115,6.201970942
1116,5.086392406
1117,4.949398986
1118,5.498946234
1119,5.634718191
1120,5.618342695
1121,5.58799948
1122,5.572312912
1123,6.165583692
1124,6.808475674
1125,6.394093484
1126,5.891598096
1127,5.53104777
1128,5.239879567
1129,4.860243189
1130,4.261120823
1131,3.460699175
1132,2.671640873
1133,2.719405526
1134,2.058818223
1135,2.858092108
1136,4.577152492
1137,6.060325994
1138,6.598522017
1139,6.386060442
1140,5.221954149
1141,5.080398531
1142,5.206053133
1143,5.650518394
1144,5.515391892
1145,5.466936752
1146,5.504541829
1147,6.022751477
1148,6.670853761
1149,6.317822939
1150,5.821181844
1151,5.507138164
1152,5.218665897
1153,4.936159042
1154,4.478945147
1155,3.682840816
1156,2.867977061
1157,1.68367493
1158,2.421258485
1159,2.620312067
1160,4.806072142
1161,5.975143225
1162,6.551133794
1163,6.547689781
1164,5.403766184
1165,4.973259384
1166,5.386502672
1167,5.638156197
1168,5.706246026
1169,5.378212086
1170,5.571287615
1171,6.108037083
1172,6.72822521
1173,6.375482161
1174,5.950551051
1175,5.633406462
1176,5.385596435
1177,4.951742766
1178,4.477519113
1179,3.833830459
1180,3.066943882
1181,2.602878467
1182,1.939751677
1183,2.881613119
1184,4.633757059
1185,5.875284167
1186,6.509613198
1187,6.477563269
1188,5.433515634
1189,4.979429893
1190,5.548809891
1191,5.698671339
1192,5.710162614
1193,5.539109554
1194,5.615291449
1195,6.167317792
1196,6.759532508
1197,6.415271235
1198,5.881356453
1199,5.634022666
1200,5.250716533
1201,5.04961576
1202,4.660359068
1203,4.123649081
1204,3.476604171
1205,2.94858641
1206,2.209636505
1207,2.270282425
1208,4.279019944
1209,4.247075825
1210,5.159332619
1211,4.775048451
1212,5.325101482
1213,5.017384112
1214,5.442809892
1215,5.722958041
1216,5.493346752
1217,5.60271721
1218,5.636349719
1219,6.080057105
1220,6.42276213
1221,6.069776093
1222,5.666093438
1223,5.422960274
1224,5.190534262
1225,5.010529651
1226,4.989580731
1227,4.946651235
1228,4.359661708
1229,4.079928261
1230,2.644005976
1231,2.178362712
1232,2.789615377
1233,3.819103334
1234,4.803895378
1235,5.572302318
1236,5.841418461
1237,5.997050429
1238,6.081788556
1239,6.129960022
1240,6.114281093
1241,6.031529618
1242,6.091070626
1243,5.810255617
1244,5.784275559
1245,5.060849456
1246,5.027699966
1247,4.591552266
1248,4.490329214
1249,4.951539824
1250,4.972368141
1251,4.503064958
1252,4.580068601
1253,4.29384246
1254,3.718160859
1255,2.088890618
1256,2.617781214
1257,3.491806317
1258,4.498193383
1259,5.560331438
1260,5.783427464
1261,5.969211798
1262,6.112900443
1263,6.130805513
1264,6.105120399
1265,6.138814939
1266,6.102638854
1267,6.01784079
1268,6.004878723
1269,5.939976915
1270,5.844900098
1271,5.313057389
1272,5.022904037
1273,4.929501626
1274,4.387891152
1275,3.544428695
1276,2.389321562
1277,2.361367821
1278,2.236872237
1279,3.162363567
1280,4.460705178
1281,5.867099573
1282,6.566222236
1283,6.560011205
1284,5.332984433
1285,4.936942091
1286,5.478504
1287,5.648682346
1288,5.524927916
1289,5.50910286
1290,5.624472181
1291,6.233088483
1292,6.639379836
1293,6.325012846
1294,5.740569957
1295,5.510233853
1296,5.194978214
1297,4.805711915
1298,4.494060568
1299,3.738495013
1300,3.068124858
1301,2.361698088
1302,1.209711032
1303,2.330043432
1304,4.720622648
1305,4.867216979
1306,5.523391919
1307,6.715599745
1308,5.61704089
1309,4.813273345
1310,5.103492937
1311,5.792190509
1312,5.670320233
1313,5.439026627
1314,5.618482072
1315,5.96404792
1316,6.582501208
1317,6.371971493
1318,5.820064937
1319,5.513933267
1320,5.222357
1321,4.80464343
1322,4.864016832
1323,3.76798028
1324,3.458491432
1325,1.899997903
1326,2.739858875
1327,1.765884325
1328,4.710297534
1329,6.137556279
1330,6.592139975
1331,6.432127951
1332,5.391454062
1333,4.988911798
1334,5.244462657
1335,5.731745519
1336,5.573011676
1337,5.345423618
1338,5.461848628
1339,6.007057154
1340,6.699363681
1341,6.330965636
1342,5.876641483
1343,5.449165739
1344,5.252710579
1345,4.985186406
1346,4.509400071
1347,3.959748491
1348,2.698147789
1349,2.730654068
1350,1.493908222
1351,2.150838624
1352,4.750018596
1353,6.023951963
1354,6.527781625
1355,6.476678965
1356,5.366301921
1357,4.920437362
1358,5.642577958
1359,5.937187019
1360,5.66509711
1361,5.406688685
1362,5.564838709
1363,6.152402223
1364,6.89689769
1365,6.448545676
1366,6.071369495
1367,5.758572042
1368,5.40331433
1369,5.122634911
1370,5.116601147
1371,4.030917595
1372,3.746306884
1373,2.779422503
1374,1.745833495
1375,2.755750803
1376,4.493285168
1377,5.837392602
1378,6.286277111
1379,6.481129094
1380,5.518026741
1381,5.003824243
1382,5.681306543
1383,5.968068366
1384,5.863703595
1385,5.749476709
1386,5.951794464
1387,6.164125849
1388,6.652553588
1389,6.121644117
1390,5.669635505
1391,5.326678099
1392,4.899589494
1393,4.821911908
1394,4.368223361
1395,4.238465879
1396,4.25823732
1397,3.478277933
1398,3.350064493
1399,2.556816996
1400,2.394825978
1401,3.978289254
1402,4.882818327
1403,5.76177643
1404,5.900261204
1405,6.193448321
1406,6.202340381
1407,6.28031989
1408,6.21693558
1409,6.092941429
1410,6.11236302
1411,6.215200545
1412,6.166470005
1413,5.91870311
1414,5.806075358
1415,5.329849431
1416,5.442978237
1417,5.170381961
1418,5.171769303
1419,4.923733713
1420,4.560603539
1421,4.624805834
1422,3.778672719
1423,3.057764457
1424,2.422005195
1425,3.523526366
1426,4.407902486
1427,5.413871545
1428,5.940557293
1429,5.890962545
1430,5.099782414
1431,5.196845576
1432,4.574909519
1433,4.74352603
1434,5.644181107
1435,5.719331993
1436,5.482619576
1437,5.578320453
1438,5.4394103
1439,5.062284885
1440,4.786689072
1441,3.489198084
1442,3.804388274
1443,5.580534047
1444,4.358932759
1445,4.147668011
1446,3.520887786
1447,2.392689915
1448,3.548024263
1449,4.348850209
1450,4.837855778
1451,5.649733584
1452,5.770319551
1453,6.18306065
1454,6.15049421
1455,5.972465001
1456,6.105248366
1457,6.118809291
1458,6.168400665
1459,5.870834787
1460,5.909771645
1461,5.728158644
1462,5.555904903
1463,4.624718844
1464,4.100414801
1465,4.055477234
1466,5.03002998
1467,4.443136767
1468,4.060151082
1469,4.387762348
1470,3.578788746
1471,2.966675851
1472,2.571392833
1473,3.095043663
1474,4.428430114
1475,5.50257933
1476,5.734090661
1477,6.025506495
1478,5.96194104
1479,5.890176349
1480,5.671726684
1481,5.627673734
1482,5.450929786
1483,5.918083
1484,5.905478681
1485,5.75925403
1486,5.104531359
1487,4.063741796
1488,4.906179874
1489,4.893100131
1490,4.469558108
1491,4.397523222
1492,3.705484312
1493,3.532294538
1494,3.318621975
1495,2.36006827
1496,1.45272181
1497,3.558959235
1498,4.69657271
1499,5.44298906
1500,5.724455721
1501,5.904689401
1502,6.01302396
1503,6.039690737
1504,5.942326425
1505,5.777453263
1506,5.639453684
1507,5.824370791
1508,5.834078576
1509,5.720442969
1510,5.417133741
1511,5.062248829
1512,4.754179306
1513,4.419263949
1514,3.958609375
1515,3.1110468
1516,3.235045842
1517,1.547933937
1518,2.847605718
1519,2.70025425
1520,4.509820126
1521,5.935026248
1522,6.497792709
1523,6.263420812
1524,5.204658564
1525,4.621053273
1526,5.098185709
1527,5.733242398
1528,5.552060947
1529,5.46781322
1530,5.467569707
1531,5.990242165
1532,6.580739743
1533,6.318125694
1534,5.679895039
1535,5.349117176
1536,5.115096919
1537,4.766213816
1538,4.189746286
1539,3.250504568
1540,2.381805119
1541,2.438214971
1542,1.774685604
1543,2.354000733
1544,4.929439433
1545,6.316589906
1546,6.512958261
1547,6.427357818
1548,5.08924041
1549,5.069925134
1550,5.161609366
1551,5.518960521
1552,5.374894875
1553,5.146290568
1554,5.361090559
1555,6.032759612
1556,6.642617532
1557,6.310280398
1558,5.814637068
1559,5.339647986
1560,5.120739242
1561,4.903833672
1562,4.614646426
1563,3.776201763
1564,2.567063351
1565,2.073306039
1566,2.707863582
1567,2.694948869
1568,4.571410176
1569,6.156502071
1570,6.384745268
1571,6.060735124
1572,3.818123248
1573,3.194733493
1574,4.18231036
1575,5.250112122
1576,5.408395539
1577,5.343539467
1578,5.493218071
1579,5.925529629
1580,6.539964419
1581,6.256824526
1582,5.597004
1583,5.25238188
1584,4.939649996
1585,4.842080774
1586,4.683949221
1587,4.106088712
1588,2.899153449
1589,2.178647519
1590,2.41930842
1591,2.525380257
1592,4.526399932
1593,5.622022143
1594,6.495434242
1595,6.428617459
1596,5.231524207
1597,4.933062519
1598,5.562805866
1599,5.693845564
1600,5.72445618
1601,5.297472799
1602,5.693777864
1603,6.070410432
1604,6.483809177
1605,6.290405588
1606,5.750448583
1607,5.335007688
1608,5.190056802
1609,5.22394061
1610,5.077132068
1611,4.543291343
1612,4.404879269
1613,4.087402321
1614,3.530844328
1615,2.140087761
1616,3.024820817
1617,4.174316423
1618,5.024315009
1619,5.878733461
1620,5.97126363
1621,5.938403178
1622,6.248203518
1623,6.37435495
1624,6.215969569
1625,5.647115939
1626,5.431617668
1627,3.740234756
1628,4.67917258
1629,4.81422733
1630,5.12632241
1631,4.979058272
1632,4.878668183
1633,5.023851208
1634,4.54797619
1635,4.538116423
1636,4.595977447
1637,4.32122133
1638,3.473697693
1639,3.131794397
1640,4.223210178
1641,3.63035403
1642,4.510475887
1643,5.540632252
1644,5.87216766
1645,6.208587055
1646,6.158280714
1647,6.375664165
1648,6.303417707
1649,6.110667362
1650,6.184151478
1651,6.209866993
1652,6.109336164
1653,5.903226022
1654,5.757362203
1655,5.3883794
1656,4.81634048
1657,4.897616108
1658,4.14315635
1659,3.335335323
1660,2.713680923
1661,2.977424706
1662,2.738783482
1663,1.760489912
1664,4.562452575
1665,6.002700928
1666,6.339582303
1667,6.447135486
1668,5.31977918
1669,4.798669292
1670,5.240651734
1671,5.752051493
1672,5.629260979
1673,5.653299609
1674,5.652030199
1675,6.049184786
1676,6.604713509
1677,6.490219782
1678,5.810198911
1679,5.248753955
1680,5.05853392
1681,4.541340148
1682,4.071483436
1683,3.019802335
1684,1.944060027
1685,1.908361144
1686,2.601448593
1687,2.746569609
1688,4.536503448
1689,6.014290139
1690,6.56748531
1691,6.387014099
1692,5.299634393
1693,4.776259269
1694,5.365636953
1695,5.752803764
1696,5.697474271
1697,5.363852974
1698,5.720101996
1699,6.298334191
1700,6.73330182
1701,6.310133725
1702,5.653369529
1703,5.435567752
1704,5.089054427
1705,4.779888685
1706,4.102008025
1707,3.403488289
1708,2.743426595
1709,2.319184239
1710,2.145816982
1711,1.994981749
1712,4.887733771
1713,6.090323488
1714,6.513271506
1715,6.375034444
1716,5.096875672
1717,4.790130275
1718,5.318173492
1719,5.904032192
1720,5.648237709
1721,5.427595068
1722,5.647006105
1723,6.167313472
1724,6.677425497
1725,6.440241399
1726,5.740723511
1727,5.456118577
1728,5.05561517
1729,4.775330628
1730,4.324576454
1731,3.541882762
1732,3.011816757
1733,1.960559098
1734,2.654062534
1735,2.097263669
1736,4.908772359
1737,5.942485962
1738,6.482025396
1739,6.359288663
1740,5.15037331
1741,4.825221436
1742,5.375380141
1743,5.632654984
1744,5.527633685
1745,5.457629922
1746,5.789876161
1747,6.112672683
1748,6.572169927
1749,6.227922862
1750,5.804515714
1751,5.4443444
1752,5.103848259
1753,4.966456566
1754,4.620620474
1755,3.971198225
1756,3.330992566
1757,3.260065555
1758,2.581617647
1759,2.641247227
1760,4.284532841
1761,5.581568234
1762,6.370586762
1763,6.455048649
1764,5.258495747
1765,4.978509286
1766,5.434909993
1767,5.921577683
1768,5.84758287
1769,5.645689202
1770,5.645761121
1771,6.164440153
1772,6.630230027
1773,6.20656393
1774,5.707181246
1775,5.315186315
1776,5.107160035
1777,4.901482569
1778,4.828072575
1779,5.050353808
1780,4.256380986
1781,4.271429275
1782,3.371613094
1783,1.482989123
1784,3.355001661
1785,4.29961183
1786,4.889393849
1787,5.868672181
1788,6.018431555
1789,6.014773952
1790,6.295665438
1791,6.309005731
1792,6.212749451
1793,6.224586484
1794,6.086861198
1795,6.324074199
1796,6.188478057
1797,5.910016812
1798,5.644167163
1799,5.226077018
1800,5.247278317
1801,5.225409592
1802,5.008438774
1803,4.575382167
1804,4.409734708
1805,4.193853959
1806,3.561555338
1807,1.638196739
1808,2.835219825
1809,4.220968386
1810,4.795097054
1811,5.164961376
1812,5.948887029
1813,6.237305166
1814,6.122155345
1815,6.173305404
1816,6.197830498
1817,6.017014482
1818,5.859655996
1819,6.026084755
1820,5.903061709
1821,5.698460417
1822,5.510274453
1823,5.317503113
1824,4.688727443
1825,4.370129257
1826,4.202785707
1827,3.447359926
1828,2.796179004
1829,2.536263757
1830,2.077250368
1831,2.843499666
1832,4.530177364
1833,5.661836168
1834,6.361814826
1835,6.273482785
1836,5.041382533
1837,4.715511752
1838,5.252078269
1839,5.477961332
1840,5.587474533
1841,5.475733486
1842,5.458207607
1843,5.828800049
1844,6.433332754
1845,6.103892809
1846,5.446531435
1847,5.034693925
1848,4.772237867
1849,4.170530283
1850,3.675367586
1851,1.942950392
1852,1.38197164
1853,1.812088558
1854,2.548689856
1855,2.706830496
1856,4.89151998
1857,5.825660658
1858,6.053734286
1859,6.359968866
1860,4.993508974
1861,4.454019195
1862,4.614271931
1863,4.244866764
1864,4.450997521
1865,4.785525441
1866,3.018817944
1867,4.989524421
1868,6.018167968
1869,5.285888735
1870,5.334146108
1871,5.198701321
1872,4.718304876
1873,4.51997731
1874,3.949705358
1875,2.85912944
1876,2.383616515
1877,1.138905518
1878,2.262981727
1879,3.22781331
1880,5.007287748
1881,5.74097154
1882,6.491322955
1883,6.420886329
1884,5.196320973
1885,4.655013774
1886,5.287670476
1887,5.641393999
1888,5.457894772
1889,5.433989912
1890,5.553097074
1891,5.985096271
1892,6.6001718
1893,6.319744727
1894,5.678318832
1895,5.232152119
1896,5.209287047
1897,4.791263822
1898,4.351786517
1899,3.360404548
1900,2.702676221
1901,2.627244426
1902,2.233594274
1903,2.930356554
1904,4.474189112
1905,5.800858518
1906,6.541807735
1907,6.638137265
1908,5.312245282
1909,4.758635757
1910,5.649722437
1911,5.867681681
1912,5.668804339
1913,5.401203515
1914,5.818581944
1915,5.978905848
1916,6.556923731
1917,5.966281644
1918,5.645102737
1919,5.006850734
1920,4.905849897
1921,5.028629662
1922,4.385130076
1923,3.083784902
1924,2.312081809
1925,0.745889374
1926,2.558914314
1927,3.475303088
1928,4.786227563
1929,5.956956656
1930,5.718592825
1931,4.520890238
1932,4.097748835
1933,3.547669486
1934,4.886982412
1935,4.857463235
1936,5.075076706
1937,5.066126931
1938,5.248043903
1939,5.865834813
1940,6.406030864
1941,6.064630467
1942,5.28395278
1943,5.138127012
1944,5.332601892
1945,5.17623631
1946,4.082104685
1947,3.688889168
1948,2.834001682
1949,2.322853571
1950,2.399493826
1951,3.203575671
1952,4.463371705
1953,6.040668504
1954,6.688564
1955,6.631862514
1956,5.375143853
1957,4.635747356
1958,5.41088649
1959,5.991878635
1960,5.5534286
1961,5.443795704
1962,5.827688855
1963,6.201634997
1964,6.823705814
1965,6.415691904
1966,5.947028082
1967,5.784795285
1968,4.840978154
1969,5.282863578
1970,5.155039436
1971,3.920443501
1972,2.923066771
1973,2.658141601
1974,2.871634963
1975,2.849780702
1976,4.499466616
1977,5.738106162
1978,6.40746173
1979,6.645122669
1980,5.438370327
1981,4.758225264
1982,5.413470369
1983,5.839180249
1984,5.69694416
1985,5.56675568
1986,5.806658019
1987,6.294310163
1988,6.788179873
1989,6.521629119
1990,5.745632634
1991,5.622789804
1992,5.512922004
1993,5.172125596
1994,4.727895541
1995,4.406164073
1996,3.624159347
1997,2.211380373
1998,3.193640185
1999,2.90684072
2000,4.485343432
2001,5.643528157
2002,6.55654262
2003,6.767366021
2004,5.599351675
2005,5.271859123
2006,5.753387935
2007,6.259461984
2008,6.077447094
2009,5.922155862
2010,6.160064779
2011,6.445253527
2012,6.628701753
2013,6.181509067
2014,5.614143286
2015,5.449212679
2016,5.198196157
2017,5.293738049
2018,4.825014024
2019,5.079270368
2020,4.793739977
2021,4.085171605
2022,3.941676745
2023,2.196620215
2024,2.565297262
2025,4.253182495
2026,5.221952427
2027,5.8776526
2028,6.243355972
2029,6.295300935
2030,6.403781298
2031,6.405888719
2032,6.245527231
2033,6.009197212
2034,6.177519742
2035,6.190371732
2036,6.052831513
2037,5.743769569
2038,5.369894177
2039,5.091089052
2040,5.055659781
2041,4.977600234
2042,5.006909224
2043,4.670620144
2044,4.534089558
2045,4.214052805
2046,2.933266135
2047,2.512921299
2048,2.829647922
2049,3.872081072
2050,4.124335357
2051,4.492929516
2052,4.763951528
2053,5.46062733
2054,5.900304645
2055,5.782741053
2056,5.401522164
2057,5.257668406
2058,5.231428142
2059,5.343616309
2060,4.42434151
2061,4.226757594
2062,4.55496857
2063,4.592894191
2064,4.54229414
2065,4.071832493
2066,4.251160561
2067,3.693092819
2068,3.456973851
2069,2.552362568
2070,2.333095417
2071,2.263870777
2072,3.639010497
2073,4.808983345
2074,5.490060068
2075,6.177353601
2076,5.503483167
2077,5.280826755
2078,5.39910041
2079,5.537931619
2080,5.727633137
2081,5.620626091
2082,5.424640559
2083,5.521694303
2084,5.872840364
2085,5.649212248
2086,5.287798792
2087,4.833345488
2088,4.43763467
2089,4.34000331
2090,3.932573374
2091,3.038724159
2092,2.304195443
2093,1.95983204
2094,1.286794276
2095,2.78178364
2096,3.913283525
2097,5.869281286
2098,6.295191333
2099,6.465815839
2100,5.374604924
2101,4.461950762
2102,5.013293974
2103,5.520292751
2104,5.349887582
2105,5.331435344
2106,5.331427148
2107,5.965739327
2108,6.550486892
2109,6.239129531
2110,5.613515428
2111,5.267606161
2112,4.885906925
2113,4.692028821
2114,4.020501781
2115,3.146485969
2116,1.83526638
2117,2.410129126
2118,2.346065836
2119,2.425195844
2120,4.755834293
2121,6.014004029
2122,6.565894252
2123,6.697704336
2124,5.408497108
2125,4.892312371
2126,5.53400322
2127,5.957552163
2128,5.569312928
2129,5.476439849
2130,5.751041471
2131,6.379871925
2132,6.778714313
2133,6.397564473
2134,5.787262484
2135,5.448274449
2136,5.122881292
2137,4.89421711
2138,4.642064043
2139,3.415599761
2140,2.174839542
2141,2.789689519
2142,1.466265481
2143,3.230373818
2144,4.876504071
2145,5.838716082
2146,6.543623819
2147,6.623036797
2148,5.338519533
2149,4.836558249
2150,5.397881038
2151,5.822751877
2152,5.587229681
2153,5.772013625
2154,6.052564278
2155,5.980311217
2156,6.503436284
2157,6.082171754
2158,6.041201837
2159,5.358934385
2160,4.908449828
2161,4.745879216
2162,4.949430481
2163,3.806011322
2164,3.343583811
2165,2.624162719
2166,1.799815117
2167,2.557835921
2168,4.423739255
2169,5.665736907
2170,6.29431853
2171,6.724842976
2172,5.63477323
2173,5.243154492
2174,5.615492606
2175,5.935607031
2176,5.832866626
2177,5.704427617
2178,5.909659624
2179,6.032393784
2180,6.507600147
2181,6.000670384
2182,5.63570116
2183,5.147342614
2184,4.781756385
2185,4.720423047
2186,4.323769363
2187,5.580430663
2188,4.782802806
2189,3.73850912
2190,2.251244937
2191,2.463593294
2192,2.845384812
2193,4.026571126
2194,4.940120631
2195,5.62595609
2196,5.770531199
2197,5.846282163
2198,6.207998023
2199,6.154270132
2200,6.267575382
2201,6.074255507
2202,6.133223385
2203,6.122161513
2204,5.854547704
2205,5.749271574
2206,5.31105659
2207,5.095871577
2208,4.953045546
2209,5.011359731
2210,4.504176751
2211,4.481628106
2212,4.593370791
2213,3.994206936
2214,3.110262397
2215,2.394692354
2216,2.693327895
2217,3.838210146
2218,4.584950528
2219,5.460211474
2220,5.765838201
2221,6.250761492
2222,6.220880802
2223,6.247565515
2224,6.326607647
2225,6.270609468
2226,6.126043426
2227,6.162995835
2228,5.95655697
2229,5.728195319
2230,5.373978469
2231,5.135037203
2232,5.007669473
2233,4.631455452
2234,4.544945661
2235,3.802702354
2236,3.448630064
2237,1.795245081
2238,1.865112202
2239,3.364282713
2240,4.854006733
2241,5.891773911
2242,6.703532181
2243,6.540708689
2244,5.390703282
2245,4.591871361
2246,5.374634593
2247,5.495529979
2248,4.669625684
2249,5.105178865
2250,5.606860247
2251,6.115776369
2252,6.400796383
2253,5.791238849
2254,4.801222567
2255,5.226930892
2256,5.109180917
2257,4.511879853
2258,4.160619569
2259,3.716239025
2260,2.382180613
2261,1.069663652
2262,1.245820024
2263,3.149228444
2264,5.288304785
2265,5.92222392
2266,6.574032709
2267,6.65411719
2268,5.330116206
2269,4.924413534
2270,5.289019378
2271,5.78353004
2272,5.736997663
2273,5.579801766
2274,5.743762621
2275,6.010392391
2276,6.78319618
2277,6.34023292
2278,5.62780256
2279,5.493210112
2280,4.596558229
2281,4.766933831
2282,5.017904151
2283,3.32694179
2284,2.424940637
2285,2.853235898
2286,2.116004936
2287,1.700699301
2288,4.805167768
2289,6.02191864
2290,6.380108145
2291,6.517345066
2292,5.342266122
2293,4.929372378
2294,5.284723922
2295,5.812633344
2296,5.674338859
2297,5.476432957
2298,5.583479863
2299,6.068579588
2300,6.667914318
2301,6.321660033
2302,5.549972768
2303,5.353556215
2304,5.218222081
2305,4.81520767
2306,4.048309556
2307,3.711398291
2308,2.334227654
2309,2.784532336
2310,1.828686669
2311,2.139034358
2312,4.866489759
2313,5.830446621
2314,6.536724143
2315,6.61949567
2316,5.384021773
2317,4.899652488
2318,5.506867321
2319,5.974870964
2320,5.717313759
2321,5.438397471
2322,5.764122681
2323,5.988163994
2324,6.678222688
2325,6.278569053
2326,5.66254167
2327,5.408113699
2328,5.168431633
2329,5.056606472
2330,4.39011231
2331,3.60987156
2332,2.527287878
2333,2.495266975
2334,2.041995749
2335,2.503548699
2336,4.627828994
2337,5.646912556
2338,5.213658603
2339,6.242848117
2340,5.749981649
2341,4.94374232
2342,5.372449773
2343,5.743619802
2344,5.880898557
2345,5.724193861
2346,5.698837426
2347,6.111446969
2348,5.605597876
2349,4.851948618
2350,5.100179373
2351,5.186728234
2352,5.064306767
2353,4.913139676
2354,4.560435582
2355,3.607169688
2356,3.123701905
2357,3.023822803
2358,2.921247598
2359,2.578776204
2360,4.431347368
2361,5.750535382
2362,6.370626915
2363,6.314379466
2364,5.089733933
2365,4.211354646
2366,4.779619471
2367,5.333652264
2368,5.405667448
2369,4.952655115
2370,5.184956151
2371,5.706808235
2372,6.462977515
2373,6.158602536
2374,5.503296724
2375,5.110670967
2376,5.136201027
2377,4.895968271
2378,4.36899427
2379,3.459465929
2380,2.92379377
2381,2.213685437
2382,1.156958908
2383,2.72919508
2384,4.255083277
2385,5.595039495
2386,6.257617915
2387,6.476753175
2388,5.448465423
2389,4.787245028
2390,5.171985587
2391,5.580971028
2392,5.526219336
2393,5.331047267
2394,5.513358522
2395,5.875856194
2396,6.257971629
2397,5.839926418
2398,5.381515811
2399,4.882467437
2400,4.659802883
2401,4.755038999
2402,4.590889621
2403,4.579657884
2404,4.418974709
2405,3.700424371
2406,3.307225011
2407,2.903833017
2408,2.466544711
2409,3.751127547
2410,4.901760842
2411,5.488809641
2412,5.577510949
2413,5.78445322
2414,5.630583913
2415,5.717342283
2416,5.808192591
2417,5.777051832
2418,5.728933458
2419,5.59474689
2420,5.65858394
2421,5.253747393
2422,5.045479653
2423,4.835977326
2424,4.815600938
2425,4.740598981
2426,4.773159671
2427,4.222059605
2428,5.006763026
2429,3.156445178
2430,1.982417622
2431,2.371733919
2432,1.998974391
2433,3.558214788
2434,4.797212795
2435,5.593696648
2436,5.55439605
2437,5.891129548
2438,5.931458216
2439,5.953759863
2440,5.86464676
2441,5.884330982
2442,5.729598493
2443,5.670033453
2444,5.36156521
2445,5.060549792
2446,5.072522538
2447,4.563867653
2448,4.124703343
2449,4.2341334
2450,3.854270506
2451,2.982687472
2452,2.025726977
2453,2.13679668
2454,1.957281151
2455,3.7872357
2456,4.567620189
2457,5.571083828
2458,6.481886736
2459,6.294847967
2460,4.871010824
2461,4.378618495
2462,4.822358859
2463,5.521471204
2464,5.281644822
2465,5.061969681
2466,5.28019148
2467,5.759748494
2468,6.290967992
2469,5.818566276
2470,5.298990904
2471,4.882894338
2472,4.488263814
2473,4.330529366
2474,3.552074922
2475,2.590948351
2476,1.967280046
2477,0.733408293
2478,2.094178986
2479,2.887427004
2480,4.676086005
2481,5.607392228
2482,6.064312548
2483,6.124392205
2484,5.328161792
2485,4.867268937
2486,5.013067177
2487,5.299885631
2488,5.45642498
2489,5.176251847
2490,5.344064523
2491,5.757172677
2492,6.139547705
2493,5.647846419
2494,5.250669531
2495,4.832237965
2496,4.530223862
2497,4.739798031
2498,5.184431019
2499,5.447063287
2500,3.976356991
2501,3.978714703
2502,1.976699467
2503,2.303643371
2504,4.016909615
2505,5.522044003
2506,6.072537026
2507,6.265943016
2508,5.343039114
2509,4.540853525
2510,4.599422893
2511,5.234759395
2512,4.982485059
2513,4.813102749
2514,5.124546896
2515,5.475798464
2516,6.111779872
2517,5.713787824
2518,5.214571354
2519,5.075545562
2520,4.2282383
2521,3.518806953
2522,3.395468432
2523,2.537284454
2524,2.716649678
2525,2.159701053
2526,3.020343922
2527,4.516137115
2528,5.581816839
2529,6.488023465
2530,6.474670427
2531,5.042241673
2532,4.599476137
2533,5.053588165
2534,5.58743262
2535,5.451805931
2536,5.127081471
2537,5.482059783
2538,5.871936764
2539,6.369927324
2540,5.924870422
2541,5.480165883
2542,5.037263688
2543,5.11277404
2544,4.74876137
2545,4.109155123
2546,3.765891824
2547,2.801577887
2548,2.558460314
2549,2.554583684
2550,3.232760004
2551,3.878437906
2552,5.503080972
2553,6.175609878
2554,6.485687399
2555,5.232646488
2556,4.741195444
2557,5.383041825
2558,5.499871708
2559,5.598402468
2560,5.457971837
2561,5.760537547
2562,5.879913534
2563,6.265007708
2564,5.587016931
2565,5.241813309
2566,4.904037484
2567,4.788031939
2568,4.62260076
2569,4.765520162
2570,4.426167822
2571,3.956265979
2572,3.469503715
2573,2.705303633
2574,1.605617162
2575,2.641841304
2576,3.348365543
2577,5.007791179
2578,5.450268668
2579,5.716169236
2580,5.776552009
2581,6.040883384
2582,6.294244676
2583,6.278276897
2584,6.107228636
2585,6.037108375
2586,6.077570821
2587,5.758579377
2588,5.429851441
2589,5.242130672
2590,4.818149786
2591,5.094414797
2592,4.958795255
2593,4.57003405
2594,4.499612955
2595,4.366394781
2596,3.962288879
2597,3.638652913
2598,2.017372759
2599,2.601642831
2600,3.411257657
2601,4.822907328
2602,5.133276315
2603,5.79430237
2604,6.027283494
2605,6.102359665
2606,6.192463448
2607,6.407609367
2608,6.222729706
2609,6.285466626
2610,6.12969088
2611,5.782983202
2612,5.563656871
2613,5.150287669
2614,4.880765178
2615,4.821662705
2616,4.637055657
2617,4.453287921
2618,3.5594547
2619,3.232279688
2620,3.039675094
2621,1.319523446
2622,1.774679376
2623,4.24088159
2624,5.066037419
2625,6.027395528
2626,6.299920044
2627,5.560196872
2628,5.081955801
2629,5.711180022
2630,5.915079087
2631,5.79962558
2632,5.803124161
2633,5.607111589
2634,5.790427577
2635,6.092878934
2636,5.899840151
2637,5.304745814
2638,5.216749423
2639,4.569704956
2640,4.429259497
2641,3.927994346
2642,2.764847729
2643,1.25916442
2644,2.823478674
2645,2.074224289
2646,2.794112377
2647,3.545265267
2648,4.435451929
2649,4.928931884
2650,5.358217396
2651,4.249108533
2652,4.213233913
2653,5.043710454
2654,5.25473823
2655,5.286471291
2656,5.170522633
2657,5.230883879
2658,5.577213994
2659,6.273190799
2660,5.89844894
2661,5.22924657
2662,4.809407151
2663,4.74858009
2664,4.499166214
2665,4.055042127
2666,2.712494118
2667,2.320349409
2668,-0.241538102
2669,2.471946937
2670,2.740013773
2671,4.650541696
2672,5.681605291
2673,6.276640868
2674,6.375046865
2675,5.199135547
2676,4.48650768
2677,4.696809599
2678,5.449450019
2679,5.209217654
2680,4.948247683
2681,5.419426027
2682,5.573898378
2683,6.14127065
2684,5.888448994
2685,5.34770338
2686,4.961457077
2687,4.829460865
2688,4.643498594
2689,3.978362901
2690,3.082615633
2691,2.55122391
2692,1.953925218
2693,0.869945983
2694,2.512640173
2695,4.889402094
2696,5.810672369
2697,6.282133209
2698,6.289698315
2699,5.108115634
2700,4.353911129
2701,4.808064587
2702,5.286727555
2703,5.224296809
2704,5.059905479
2705,5.155502965
2706,5.694810118
2707,6.151910797
2708,5.909590042
2709,5.316563663
2710,5.033447961
2711,4.906500625
2712,4.598587866
2713,4.486296213
2714,3.820116144
2715,2.663295143
2716,2.110769122
2717,2.081710519
2718,2.142577318
2719,4.657026813
2720,5.689011782
2721,6.224775106
2722,6.497725903
2723,5.264248619
2724,4.722693981
2725,5.153433953
2726,5.623125731
2727,5.488487526
2728,5.307561602
2729,5.431666128
2730,5.763238788
2731,6.099352612
2732,5.79754649
2733,5.250756988
2734,4.906240553
2735,4.766277011
2736,4.795595005
2737,4.597442877
2738,4.382484058
2739,4.22167054
2740,3.625333346
2741,2.766189379
2742,1.796314033
2743,2.808038576
2744,3.676312914
2745,5.022254558
2746,5.597545127
2747,5.624998827
2748,5.703035229
2749,5.921880167
2750,5.963254036
2751,5.992932168
2752,6.02276615
2753,5.934325976
2754,5.719451216
2755,5.519822189
2756,5.085491298
2757,5.099494529
2758,4.757130398
2759,4.621590333
2760,4.730370718
2761,4.657415662
2762,4.620224413
2763,4.211222128
2764,4.019808215
2765,3.599391778
2766,2.134085243
2767,2.595178439
2768,3.128799837
2769,4.346636033
2770,5.308098421
2771,5.499839735
2772,5.772367432
2773,5.656818359
2774,5.787405007
2775,5.726390284
2776,5.68432677
2777,5.595445355
2778,5.473926922
2779,5.134049706
2780,5.212763798
2781,4.945466686
2782,4.439478597
2783,4.452680725
2784,4.101961554
2785,3.947406805
2786,3.167379436
2787,3.006127551
2788,1.657671206
2789,0.996337335
2790,3.660209974
2791,4.761469516
2792,5.534440303
2793,6.262798556
2794,6.373835694
2795,4.969315114
2796,4.288609859
2797,5.105582813
2798,5.44994519
2799,5.368036148
2800,5.142792371
2801,5.342156651
2802,5.809157093
2803,6.234742977
2804,5.945063519
2805,5.402644608
2806,5.011085726
2807,4.806946926
2808,4.260919252
2809,3.846385445
2810,4.531976117
2811,3.990881028
2812,3.653212487
2813,2.371643545
2814,1.404712383
2815,3.090556455
2816,3.937297631
2817,4.562440188
2818,5.166310358
2819,5.158277192
2820,5.34751651
2821,5.699831991
2822,5.722063225
2823,5.801230484
2824,5.743430566
2825,5.710215625
2826,5.531873133
2827,5.164360766
2828,5.141247168
2829,4.998944991
2830,4.758276367
2831,4.585774641
2832,4.652006064
2833,4.486572601
2834,4.454452033
2835,4.243051939
2836,3.967883253
2837,2.776473737
2838,1.596740562
2839,2.303787925
2840,3.349948238
2841,3.943609536
2842,4.959135049
2843,5.30810676
2844,5.604984601
2845,5.584800298
2846,5.967508283
2847,5.676426032
2848,5.74127114
2849,5.617845369
2850,5.546541192
2851,5.237056937
2852,4.768095488
2853,4.786865364
2854,4.80299076
2855,4.337587965
2856,4.405709403
2857,3.719968526
2858,2.802551171
2859,2.637876501
2860,2.549686353
2861,2.404180734
2862,1.936143144
2863,4.558412059
2864,5.637169354
2865,6.146165788
2866,6.398736186
2867,5.066877587
2868,4.239700036
2869,5.357917206
2870,5.648072472
2871,5.75086754
2872,5.40734855
2873,5.479462945
2874,5.994861427
2875,6.375162686
2876,6.11906495
2877,5.51000531
2878,5.023052673
2879,4.838959884
2880,4.499014746
2881,4.236956706
2882,3.703578117
2883,2.969692439
2884,1.945740466
2885,1.58462578
2886,2.703367103
2887,4.848130087
2888,5.720667934
2889,6.475204909
2890,6.373469212
2891,5.12344672
2892,4.382927301
2893,5.161138832
2894,5.779218917
2895,5.518289887
2896,5.515672719
2897,5.63706858
2898,5.955320616
2899,6.437654621
2900,6.161085953
2901,5.556574218
2902,5.198656514
2903,5.29611935
2904,4.826232141
2905,4.2581065
2906,3.412497502
2907,2.238009607
2908,2.538139053
2909,2.568632852
2910,3.123070826
2911,4.9122622
2912,5.481011835
2913,6.377971246
2914,6.678616529
2915,5.483957856
2916,4.325077761
2917,4.988177145
2918,5.510772467
2919,5.346591866
2920,5.33172167
2921,5.645708588
2922,5.876457284
2923,6.295175083
2924,6.045164668
2925,5.43732801
2926,5.127878252
2927,4.816153515
2928,4.196036666
2929,3.997123851
2930,3.595963019
2931,2.559700586
2932,2.219706874
2933,0.775763716
2934,3.106052085
2935,4.510570808
2936,5.5051818
2937,6.251524571
2938,6.33215777
2939,4.899524862
2940,4.299267399
2941,4.944235069
2942,5.375429367
2943,5.294770958
2944,5.086562977
2945,5.394365183
2946,5.568957862
2947,6.193270914
2948,5.790155804
2949,5.19122628
2950,4.727689182
2951,4.70100296
2952,4.413123027
2953,4.095510474
2954,3.488923524
2955,3.113845662
2956,2.223621151
2957,1.653597135
2958,2.875116781
2959,4.031047888
2960,4.926131004
2961,5.668989657
2962,6.012021894
2963,5.211220514
2964,4.460722575
2965,4.98195066
2966,5.28587788
2967,5.073065473
2968,5.036278594
2969,5.432429199
2970,5.677436407
2971,6.025813754
2972,5.689135391
2973,5.144111316
2974,4.799699528
2975,4.561398812
2976,4.688019947
2977,4.427638133
2978,4.314869112
2979,4.385819496
2980,4.000020424
2981,3.047888311
2982,2.303406984
2983,1.889961221
2984,3.666684407
2985,4.318447291
2986,5.149816972
2987,5.290453976
2988,5.593622871
2989,5.774933212
2990,5.798611464
2991,5.821754023
2992,5.766353626
2993,5.743243199
2994,5.608959026
2995,5.183907858
2996,5.151028095
2997,4.929352447
2998,4.651514197
2999,4.987356954
3000,4.706916919
3001,4.799551314
3002,4.469247462
3003,4.37932467
3004,4.160675961
3005,3.649797966
3006,2.206709388
3007,2.083480937
3008,2.156512622
3009,3.926395539
3010,5.013552746
3011,4.925313936
3012,5.50154725
3013,5.395976883
3014,5.446391921
3015,5.236648858
3016,4.843447117
3017,4.883149931
3018,5.072903691
3019,4.927262249
3020,4.770696735
3021,4.204851325
3022,4.303898895
3023,4.240738679
3024,4.016768436
3025,3.564334122
3026,2.683569838
3027,1.141592082
3028,2.037153999
3029,2.027168726
3030,3.361001292
3031,4.07489937
3032,5.451516293
3033,5.927194887
3034,6.209663042
3035,5.029492055
3036,4.117623494
3037,4.432840271
3038,4.887213519
3039,5.268065082
3040,5.127264155
3041,5.22781791
3042,5.66904102
3043,6.19099114
3044,5.938700104
3045,5.410559377
3046,5.070351288
3047,5.070336013
3048,4.319687055
3049,4.039397327
3050,3.146051065
3051,1.89767082
3052,-0.188990629
3053,2.032987994
3054,3.257730839
3055,4.811893386
3056,5.44166488
3057,6.267378303
3058,6.492865377
3059,5.1928792
3060,4.384214397
3061,4.889850112
3062,5.363170272
3063,5.406596672
3064,5.058807051
3065,5.431901401
3066,5.652471073
3067,6.140230441
3068,5.826821983
3069,5.472691047
3070,4.930286906
3071,4.828739945
3072,4.207569604
3073,3.829824372
3074,3.284316255
3075,3.003395295
3076,2.209570834
3077,2.664351571
3078,1.705067167
3079,4.618368468
3080,5.675417684
3081,6.139633373
3082,6.3853833
3083,4.988787901
3084,4.270878677
3085,4.980174944
3086,5.420773565
3087,5.304450367
3088,5.170829467
3089,5.197095694
3090,5.594309547
3091,6.148492515
3092,5.833569269
3093,5.38676619
3094,5.005542742
3095,4.836700181
3096,4.354264675
3097,4.046237353
3098,3.182585439
3099,3.085267257
3100,2.089474219
3101,0.783934385
3102,3.03588821
3103,4.611527704
3104,5.396670663
3105,6.23356126
3106,6.405599305
3107,5.193279251
3108,4.517237093
3109,5.021801548
3110,5.626382476
3111,5.444113893
3112,5.240143004
3113,5.413237852
3114,5.809178113
3115,6.041897811
3116,5.654495307
3117,5.290012238
3118,4.93115849
3119,4.869659205
3120,4.540071982
3121,4.359040263
3122,3.342849715
3123,2.93266316
3124,1.991668358
3125,2.718395521
3126,2.658053119
3127,4.03191684
3128,5.243212368
3129,5.88572552
3130,6.250075272
3131,5.102937344
3132,4.547871051
3133,5.062364059
3134,5.459288747
3135,5.599398107
3136,5.437821219
3137,5.412983773
3138,5.722462686
3139,6.180570718
3140,5.586748823
3141,5.113660498
3142,4.751967303
3143,4.604746519
3144,4.482449708
3145,4.62182112
3146,4.178650618
3147,4.27869793
3148,3.960666251
3149,2.702727679
3150,1.530208319
3151,1.2686275
3152,3.282631841
3153,4.846381432
3154,5.255887732
3155,5.568396215
3156,5.496299426
3157,5.837807636
3158,5.847023541
3159,5.779873965
3160,5.700023776
3161,5.743432891
3162,5.648865854
3163,5.259120505
3164,5.165541357
3165,5.228706736
3166,4.936424637
3167,4.90935569
3168,4.800488456
3169,4.538935082
3170,4.387306352
3171,4.332779983
3172,4.267825639
3173,3.329147399
3174,2.090749147
3175,2.355328565
3176,2.170164488
3177,4.142144152
3178,5.22475037
3179,5.087752821
3180,5.540686408
3181,5.483086475
3182,5.755113935
3183,5.443049768
3184,5.225029687
3185,5.398053128
3186,5.603521439
3187,4.859624429
3188,3.979601164
3189,4.409983171
3190,4.634552272
3191,4.517368158
3192,4.238259693
3193,3.146722204
3194,3.257332645
3195,2.719367352
3196,1.593358414
3197,1.292193515
3198,2.42256778
3199,4.217956776
3200,5.487897485
3201,6.10670841
3202,6.269985461
3203,4.978470619
3204,4.195236088
3205,4.82103982
3206,5.276208681
3207,5.025611817
3208,4.826892711
3209,4.942945295
3210,5.443054772
3211,5.906249245
3212,5.773251113
3213,5.162768004
3214,4.631983324
3215,4.24487951
3216,3.450394125
3217,3.706053235
3218,2.752156832
3219,2.852288663
3220,2.145076334
3221,2.014714977
3222,2.762709715
3223,4.457440624
3224,5.373409505
3225,6.082531891
3226,6.340988947
3227,5.183871006
3228,4.669320516
3229,5.422836311
3230,5.725614583
3231,5.441776469
3232,5.274449493
3233,5.323251069
3234,5.756356929
3235,6.181553447
3236,5.87664159
3237,5.298237906
3238,5.094245749
3239,4.675356765
3240,4.5693618
3241,4.052449938
3242,3.400443007
3243,2.461272647
3244,0.880526646
3245,2.116519849
3246,2.716191558
3247,4.287768617
3248,5.369359214
3249,6.058166254
3250,6.319487451
3251,5.062387623
3252,4.502684978
3253,5.072400218
3254,5.382926934
3255,5.175196808
3256,5.198421615
3257,5.312502788
3258,5.677992638
3259,6.172607892
3260,5.976349302
3261,5.188778059
3262,4.896754179
3263,4.660063034
3264,4.467847022
